category,sales,profit
Furniture,4110874.1863,285204.7238
Office Supplies,3787070.2255,518473.8343
Technology,4744557.49808,663778.73318
