{
  "total_sales":12642501.9098799992,
  "total_profit":1467457.29128,
  "avg_discount":0.1429075453,
  "orders":25035.0
}