region,sales
Africa,783773.211
Canada,66928.17
Caribbean,324280.86104
Central,2822302.51994
Central Asia,752826.567
EMEA,806161.311
East,678781.24
North,1248165.60252
North Asia,848309.781
Oceania,1100184.612
South,1600907.04088
Southeast Asia,884423.169
West,725457.8245
