segment,sales
Consumer,6507949.41786
Corporate,3824697.52146
Home Office,2309854.97056
